name,nit,adminName
Pfeffer-Haag,53531323,Towney Carwithan
McDermott LLC,84911196,Allx Gunton
"Carroll, Terry and Fritsch",99803611,Hannah Chalcraft
Ziemann-Bayer,74226078,Aurea Scorah
Bashirian-Bergnaum,92877943,Tiena Copnar
Gleason Group,83881157,Windham McGifford
Mann Inc,50054074,Analise Brute
"Simonis, Waelchi and Brown",46238886,Jandy McKeon
Hettinger LLC,29934697,Serena Hembry
Langworth Inc,82531677,Kerby Theurer
Abernathy and Sons,38059926,Clement Clemendet
Lesch Inc,13928008,Wolf Denzey
Bayer Group,77389867,Brew Tattoo
"Koepp, Jacobson and Luettgen",39568187,Mendie Guidera
Purdy-Weimann,41761660,Kristofer Rutledge
Schamberger-Quitzon,94911707,Peyton Doiley
"Pfannerstill, Trantow and Padberg",11256342,Arlyn Kabos
"Hand, Barton and Schamberger",76704306,Petronille Jelliman
"Feest, Olson and Schultz",13530624,Yvor Darben
Pouros and Sons,15766487,Reinaldo Scard
Bergnaum-Thiel,27647466,Frederigo Bumford
Deckow Group,66563334,Desirae Garnsey
Lowe Inc,86664768,Arlana Angrick
"Muller, Ullrich and Von",20170635,Pier Harsent
"Leffler, Prohaska and Braun",60688813,Herby Posse
Ruecker-Schmeler,29273328,Rochette Maccrea
Larkin-O'Reilly,77263797,Gnni Wakeling
Goyette LLC,09457550,Dodi Frankes
"Langosh, Larkin and Bradtke",43631238,Holly Fitzroy
Quigley-Hettinger,00856394,Osbourn Flanner
Ruecker Inc,79659986,Maura Baddeley
Lockman and Sons,64918126,Cody Ballchin
Abshire LLC,32069163,Row Minkin
"Little, Brown and Windler",27250998,Tadeo Habberjam
Legros Group,17680850,Rusty Duiguid
"Lind, Dibbert and O'Connell",67235487,Currey Lob
Daugherty LLC,14766241,Mala Espadater
Medhurst LLC,68528470,Johnnie Dunsford
"Rosenbaum, Kuhlman and Orn",26192934,Ericka Smitham
Gerhold Inc,59103870,Rhoda Neilson
Reinger LLC,07164421,Linn Byard
Kautzer-Schiller,40231216,Ulberto Trewhitt
"Mraz, Weimann and Bahringer",16604379,Margarethe Boswell
"Larson, Fadel and Von",65536354,Cary Hickinbottom
Graham-Wilkinson,76036268,Killian Wehner
Altenwerth-Goldner,13703674,Christie Fordham
Crooks-Oberbrunner,69960769,Jasmin McIlwain
Monahan-Fay,95697720,Wandis Bound
Anderson-Donnelly,82332209,Margi Lakeland
"Ondricka, Hegmann and Oberbrunner",64360326,Malia Moine
"Moore, Simonis and Schulist",06192742,Melonie Cahalan
Bauch-Farrell,04267877,Val Renvoise
Stoltenberg-O'Connell,07601292,Ronald Poynter
"Collier, Bins and Wolff",10245962,Valera Kadd
"Champlin, Quitzon and Dooley",48426164,Griffy Steffans
Marvin-Hettinger,08873765,Bernette Sissons
"Prohaska, Will and Beatty",51000420,Astrix Von Der Empten
Lang-Hoppe,25347050,Roberto Boarer
Prohaska-Metz,03368541,Tremaine Delves
Cummings-White,27470772,Mirilla Sparling
Armstrong LLC,01576839,Charil Dolohunty
Stehr Inc,76267212,Fancie Chasle
Roob Group,11272246,Claire Ziemecki
Buckridge Inc,21615370,Lena Jellico
"Reinger, Sporer and White",40214311,Margarethe Banker
Predovic Group,74589046,Darcee MacShirrie
Torphy LLC,55161784,Maurizia Duff
"Maggio, Wintheiser and Langosh",32566790,Keir Godin
Borer LLC,45006675,Brocky Ginnelly
Ebert-Kreiger,53639582,Kaylee Rawsen
"Auer, Fadel and Schuster",20702624,Siobhan Gorringe
Lockman LLC,12291702,Lucais Leades
Kilback-Tremblay,24578968,Teirtza Skoughman
Pollich Inc,18613649,Cyndi Smye
Larkin Inc,96755954,Addison Fayter
Shields-Shanahan,50883465,Vikky Ragless
Rohan-Cole,89686277,Kenn Hellier
"Stehr, Cremin and Bayer",61183125,Darwin Chartman
Shields-Zboncak,77307999,Rene Buney
Tromp and Sons,03133208,Caro Orgen
Langosh-Wolf,99262382,Benjamin Hanscom
"Gleason, Nienow and Anderson",52305338,Freeland Outram
"Barrows, Tremblay and Ritchie",08011460,Marney Pitts
Denesik-Schroeder,92881597,Gerri Glasser
Kemmer-Harris,07835832,Susi Storch
Torphy-Keebler,46398061,George Gingell
"Jacobi, Bechtelar and Brekke",14772336,Myrlene Besson
Berge Group,13175844,Ernestus Eldridge
"Haley, Collins and Turcotte",39872874,Kinsley Rosenberger
"Fay, Skiles and Hagenes",55123627,Alano Cunah
"O'Kon, Braun and Gleason",79430013,Bail Drains
Pacocha Group,20840331,Alexis Pettigree
Leuschke Inc,69530975,Dianna O'Hartnedy
Rau-Herman,48516920,Claribel Gallagher
Kohler-Schmitt,84353743,Luella Pasticznyk
Labadie Inc,57566871,Farica Redpath
"Mayert, Paucek and Nolan",51773683,Lydie Rowen
Schowalter-Kilback,40325439,Vickie Ferrers
Brown-D'Amore,88530098,Curtis Millott
Greenfelder Inc,64738159,Theda Oertzen
Ondricka Inc,09493668,Antonia Bricklebank
Cassin-Bahringer,51684272,Mayne Behrend
Dicki-Moen,25207276,Bibby Coal
Labadie-Willms,85282236,Terence Buard
Borer LLC,11142971,Hyatt Treby
Hegmann-Corwin,35467517,Corrie Munkley
"Kuphal, Homenick and Waters",16309807,Kimmy Stimpson
Ritchie Group,73619988,Vaughn Hawick
Grady-Gibson,87539066,Marie-ann Vaggs
Thompson-Medhurst,99392778,Steven Rivelin
McKenzie-Kautzer,39493380,Winn Lassells
Johnston-Kshlerin,62383018,Mariana Beat
Balistreri-Gulgowski,86889961,Lynnell Tucknutt
Little-Reichel,40104733,Anthony Tunn
"Leffler, Leuschke and Fadel",54705312,Jory Allmond
Mueller Group,55046659,Venus Dredge
Abshire-Gusikowski,65259745,Wolf Silverston
"Stokes, Bahringer and Kessler",60021499,Lanita Riding
McDermott-Brown,75202610,Brooks MacKniely
Dietrich Group,99575604,Eddy Vasyukhin
"Klocko, Raynor and Stehr",20778353,Danit Lloyd-Williams
Hudson-Rolfson,32092880,Michel Coneron
"Gleichner, Hauck and Lind",55881852,Kristos Cromar
McKenzie-Huels,88237516,Bernhard Cantero
"Block, Nader and Pfannerstill",94645103,Hugo Jehan
"Abernathy, Hauck and Johnson",70004501,Corbie Daughtrey
Block Group,48806288,Dane Goss
"Wilderman, Hegmann and Barrows",14330827,Cele Tippin
Sanford LLC,47849235,Mechelle Hughson
Schinner Group,76831143,Moss Cortes
Carroll-Hintz,39286564,Robina Beardsworth
"Raynor, Stark and Shanahan",92283970,Kathryne Szepe
"Reynolds, Satterfield and Weber",27107415,Joann Heaney
Hills LLC,78687453,Boone Talbot
Bernier-Hyatt,22089260,Elsy Fawltey
"Fay, Leffler and Boehm",83311050,Kirsteni Darke
"Schaden, Shields and Smitham",52695144,Benji McClintock
"Glover, Metz and Emmerich",74832024,Virginia Workman
Luettgen Group,33264634,Michale Simmen
Kovacek-Denesik,20490070,Josee Massel
Douglas and Sons,56155449,Elbertina Woolnough
O'Keefe and Sons,29635697,Tallie Clapp
Herzog Group,22033181,Haley Hugonnet
Homenick and Sons,63926340,Kelsey Jenking
Hackett-Schumm,05264660,Rona Blasdale
"Welch, Mertz and Greenfelder",77709712,Willy Coyle
Kuhic-Howe,39355082,Marty Hoofe
Kshlerin Inc,48857065,Ives Sanz
Leannon-Weimann,55669006,Britta le Keux
Nitzsche-Schulist,30280153,Lonna Heustice
Schneider-Jacobson,18243767,Alvin Ungerechts
Jerde-Abernathy,81483718,Ardisj Drew
Vandervort-Hills,66455527,Alasdair Blazejewski
"Gleichner, Russel and Larkin",11063777,Anetta Fairbank
O'Keefe-Reynolds,71384877,Melisandra Pantlin
"Mann, Gutkowski and Nikolaus",64410008,Merle Newey
Volkman-Reilly,59998792,Rosco Stithe
"Kohler, Botsford and Boehm",80756759,Kellyann Drakeford
Skiles-Jacobs,65759756,Babs Chattock
Runolfsdottir and Sons,39026836,Kirby Wedderburn
"Prohaska, Pouros and Hills",70531332,Cirstoforo Stebbings
Kshlerin Inc,72867260,Harlan Stebbings
Flatley-Rippin,09073115,Courtney Worrill
"Bergnaum, Koch and Bogisich",35944247,Morgen Cater
Pacocha Inc,47345688,Aldous Paulucci
Price-Marvin,34103057,Kelsi Owen
Boyle Inc,56822001,Neda Nassy
Murazik LLC,19363566,Annora Ramsdell
"D'Amore, Lehner and Torphy",17857550,Alina Swindles
Kuphal LLC,89180206,Trula Phippen
White LLC,94064540,Noak Dulany
"Kuphal, Pagac and Schiller",27009304,Tallie Dorre
Koepp-Balistreri,85132837,Amandi Paullin
"Powlowski, Braun and Pagac",36620304,Willette Barthropp
Beahan-Weimann,15887783,Anett Start
"Flatley, Erdman and Walker",42894539,Lamar Vondrak
Bradtke Inc,49681396,Sheba Mizzi
Hartmann and Sons,03783426,Kathryne Bellringer
Koss-Weber,79496071,Dennison Lagen
"Harvey, Mertz and Schowalter",51142858,Ketti Biagini
Schinner-Buckridge,72906765,Hiram Corradini
Botsford-Bartell,39291611,Lucilia Dominici
"Sanford, Gleichner and Treutel",37374050,Stafani Matuszinski
Crona-Cremin,56801811,Ransom Hryniewicki
Robel Group,03454018,Merlina Dyment
Schuppe Group,56326263,Caroline Estcourt
Beer LLC,67902556,Delmer Livick
"Kerluke, Lowe and Deckow",19031603,Edmon Reyson
"Douglas, Douglas and Daniel",15853087,Judith Mulrean
Christiansen-Eichmann,08740531,Fredrika Ellsom
Olson Group,29547950,Terrance McFaul
Torp-Rodriguez,80718237,Cherida Poser
"Harvey, Franecki and Toy",71352192,Aundrea Hewertson
Brakus-Nader,03570065,See Crenshaw
Cassin Inc,68398907,Suzanne Aguirrezabal
McClure and Sons,93377826,Dusty Blemings
White-Schiller,71096481,Daron Baish
Hickle-Gulgowski,44293475,Zarah Pevie
"Maggio, Stanton and Hayes",56069868,Lowe Yantsev
"Cole, Morar and Osinski",18098992,Farrel Godber
"Huel, Kiehn and Heathcote",21402699,Flint Smeuin
Davis Inc,17762752,Arlyne Salvati
Moen-Heathcote,05534425,Richardo MacGee
"Bartell, Murphy and King",76908752,Thor McGoon
"Schowalter, Moore and Orn",24899041,Spike Kyd
"Waters, Baumbach and Runolfsdottir",56625636,Lothario Torrejon
Tromp-Gusikowski,69466224,Anderson Taylot
Davis and Sons,42305775,Debi Vassano
Block Inc,40378971,Clark Broomer
Dickinson-McDermott,77709175,Diego Lutwidge
"McDermott, Zemlak and Davis",45959019,Doro Copsey
O'Keefe Inc,59626207,Cale MacKall
Hamill-Altenwerth,24929829,Pansie Mowle
"Bahringer, Fisher and Okuneva",90649111,Berny Sigars
Luettgen LLC,74973343,Merwin Bawcock
Gleason-Morissette,87231160,Nikolas Fairman
Casper-Christiansen,96538682,Valenka Sergean
Goyette-Bahringer,36371584,Michal Tapton
Ryan LLC,71387846,Catherin Stroyan
"Torp, Boehm and Treutel",64229447,Amandy Morriarty
"Zieme, Eichmann and Harvey",85604027,Arabele Gyurko
Metz-Rohan,00986676,Nonnah Leeds
Friesen-Hintz,39472293,Ashlan MacCardle
"McCullough, Prohaska and Harvey",34474679,Katy Vinecombe
Littel-Marvin,58530249,Durward Ruberry
"Leannon, Donnelly and Borer",88558049,Bessy Pridmore
"Kunde, Strosin and Cummerata",07607074,Raffarty Tothacot
Kuhlman Inc,06010616,Kellen Bourner
Dibbert-Kessler,53624863,Stearn Sevitt
Ritchie-Hermiston,13536081,Stefa McVey
Balistreri Group,67465752,Basile Yezafovich
Kassulke LLC,53258503,Randy Handes
Hodkiewicz LLC,08350135,Ambrose Rudinger
Heaney-Hauck,87558993,Aime Tinline
Schultz Inc,01711025,Hilario Ganders
Kirlin Group,00348156,Carlene Rasor
Keeling-Buckridge,15698998,Melinda Brunsdon
"Effertz, Bruen and Kuvalis",27519124,Casi Stonhewer
Aufderhar-Weissnat,26701365,Minnie Hoffner
Gerlach LLC,07640584,Emelia Leiden
"Greenholt, Erdman and O'Hara",29181874,Pietrek Sinkings
Barrows LLC,53261506,Ros Doxey
Durgan-Morar,85672114,Delcine Hugnin
"Nolan, Romaguera and Sanford",35618848,Barnett Shurrocks
Crona LLC,19740243,Kipp Wortt
Tromp Inc,64664423,Bartlett Leahair
Lehner Group,94462317,Teri Tommasetti
Nader LLC,17331136,Auria Marjot
Walker-Thompson,55341482,Monro Jefferies
"O'Hara, Romaguera and Hahn",46490166,Adolphus Tysall
Nader-Kulas,76192610,Ramona Krolman
Rosenbaum Inc,46647107,Jo-anne Fettiplace
"Koelpin, Deckow and Ullrich",43019393,Franklyn Agget
Reichel-McLaughlin,82854731,Debby Gorick
"Wiza, Langworth and Fritsch",88923035,Shannon Greenmon
Wilderman and Sons,68298645,Alanna Ashby
"Lowe, Prohaska and Stroman",47410278,Yelena Linning
Mayer-Block,82692329,Merline Wildor
"Goldner, Huel and Ankunding",53248696,Maureen Slocom
Brekke-Kozey,18302037,Malchy Yurmanovev
Grant-DuBuque,56401452,Weidar Conring
"Crist, Kreiger and Glover",51908174,Tate Aireton
Zemlak and Sons,94724286,Langsdon Oran
Schaden LLC,17504951,Justinian Lilburne
"Rippin, Stamm and Fritsch",42607203,Lucinda Hughlock
Wolf Inc,81333843,Mariejeanne Speer
Koch and Sons,02240714,Annnora Tregona
"Kuhic, Ondricka and Trantow",10517436,Cory Parr
Marvin-Bechtelar,42382819,Dynah Andrus
Powlowski Group,42609369,Hildagarde Scriviner
Graham-Johnson,74146083,Karla Ambroise
Schaefer-Bauch,95522930,Alistair Blanchette
"Mueller, Bogan and Kozey",21597432,Mikel Pegden
O'Kon-Heaney,15873057,Val Branford
Russel and Sons,64719929,Hazlett Kepp
Kuphal-Kirlin,20075103,Zsazsa Gilkison
Spinka and Sons,82245822,Meaghan Hounihan
Collins-Hahn,59635814,Ollie Elphee
"Thompson, Christiansen and Gottlieb",61564404,Shari Cursey
Donnelly Inc,10788876,Fielding Muggeridge
"Homenick, Mueller and Miller",77721495,Cristal Truckett
"Kessler, Fisher and Bahringer",47973381,Butch Chong
Bednar LLC,84526904,Allina Okenden
Kautzer LLC,60309879,Renata McIver
"Davis, Crona and Crooks",38164260,Regine Ghelardoni
Christiansen-Lockman,71286161,Archambault Condict
"Rath, Will and Greenfelder",56578039,Dominique Andreasson
Kemmer-Lesch,76685785,Craggy Sumbler
Nolan-Howe,21506356,Philippine Arundale
Trantow-Dibbert,21979339,Velvet Helsby
"Schamberger, Cummings and Schaefer",26686076,Miles Cloonan
Mayert-Doyle,31553311,Ransell Jarley
"Eichmann, Mills and Reichel",32118273,Pen Derington
Russel-Kilback,91845145,Keir Arnaez
"Nicolas, Schiller and Harber",76206025,Mano Fink
"King, Doyle and Homenick",69426610,Shandy Fraanchyonok
Koss-Labadie,34394881,Arlen Dumper
"Herman, Lindgren and Bergnaum",88741959,Randee Chess
"Ryan, Prohaska and Rosenbaum",71849735,Darryl Buzine
"Kreiger, Nitzsche and Prosacco",91756184,Marti Goodchild
"Zboncak, Schimmel and Cole",21023908,Tobe Simonich
Schmitt-Pollich,30580410,Lynelle Grand
"Stark, Altenwerth and Davis",87936288,Roselin McGloin
"Bernier, Wisozk and Bayer",33372484,Leshia Fozard
Howell Inc,59619599,Emelda Wheatley
Howell Group,43393301,Teriann Iacavone
"D'Amore, O'Keefe and Padberg",09586237,Zebulon Pettitt
"Bogan, Wisozk and Conroy",36068910,Flynn Jordan
Schaden LLC,02910999,Hilde Schnieder
"Hegmann, Rutherford and Nitzsche",75929706,Sarine Draper
"Mitchell, Ebert and McCullough",94069869,Dre Arlet
Jacobi Group,03174679,Lorry Josefsohn
"O'Reilly, Doyle and Satterfield",81102169,Stavros Crighton
Paucek Inc,46759963,Ardella Dedon
"Ankunding, Reinger and Schinner",53292831,Alla O'Bradain
"Barrows, Ryan and Hahn",72323005,Trueman Moses
Armstrong Inc,08771046,Brianne Ethelston
"Cormier, Jakubowski and Corkery",79270696,Moreen Hiseman
Gislason Group,89917835,Dody Gavin
Boyle and Sons,07864508,Cher Jackways
Cassin-Rosenbaum,00518537,Bertie Wallbutton
Hickle LLC,24873500,Burr McAviy
"Orn, Balistreri and Gutkowski",23924547,Napoleon Kinsey
"Balistreri, Considine and Schoen",75992078,Ardyth Huelin
"Volkman, Bogisich and Erdman",33179733,Price Glazebrook
Hettinger Group,38200231,Kaspar Fegan
Mueller-Beahan,50604266,Trista Chillistone
Little-Kshlerin,79887101,Manya Brigdale
Considine LLC,15021711,Ginevra Klimowski
Howe LLC,92002860,Tobey Bryceson
"Veum, Nolan and Ward",37779375,George Restall
Kutch-McGlynn,78912480,Skipper Roja
"Gibson, Hand and Schiller",21873200,Ondrea Bellini
Schneider-Stokes,27244940,Misha O'Hoolahan
Howe-Tremblay,85338317,Cesaro Uff
"Kunze, Feest and Lakin",73291717,Candra Gregolin
Nolan and Sons,64491411,Felix Brecknell
Gaylord-Nitzsche,18818726,Leeland MacGorley
Daniel Inc,32187722,Ciro De Mitri
Swaniawski Group,53970141,Dianne Haskayne
Schulist-Homenick,95878397,Abbi Twiggins
Schuster Inc,19097142,Archy Castanone
Hilll-Smith,20388534,Elenore Mardle
Romaguera-Kuhlman,63322679,Wit Tallet
"Hickle, Hackett and Langworth",63424900,Ewell Measey
Botsford-Koss,03447783,Kendra Taudevin
Kris Inc,30202002,Ethan Loosley
"Bergnaum, Corkery and Kutch",48600791,Hubert Schettini
"Bosco, Eichmann and Koss",85596445,Malchy Ellen
"Purdy, Mueller and Daniel",39211202,Rockwell Chominski
"Schumm, Rowe and Kling",17635351,Floris Danilovic
"Schultz, Hilll and Hauck",37245398,Worden Karet
"Rowe, Jacobi and Harris",08383483,Dilly Threadgould
Hoppe Inc,65335486,Osbourne Tatam
Donnelly Group,65679182,Norri Axston
"Grimes, Weissnat and Medhurst",48956320,Austin Cheeld
"Howe, Lowe and Wunsch",87944847,Lind Cartmill
"Lehner, Senger and Stamm",09836773,Seymour Klimkiewich
Ebert-Swift,87517206,Margaretta Yockley
"Sipes, King and Cummings",75637127,Perla Fourmy
Abshire-Hane,52852062,Riane Prettejohns
Hauck-Cartwright,00692482,Callean Graffin
"Krajcik, Weber and Heaney",61021545,Karen Collumbine
Jones and Sons,27902033,Blinny Dooley
Hartmann-Schinner,83604015,Ardeen Edmons
Botsford Inc,17351700,Jillayne Ruggier
Ledner LLC,65831556,Anya Juggings
Emmerich and Sons,43352240,Georgie Renard
"Lesch, Rippin and Kshlerin",84976176,Afton Swansborough
McCullough and Sons,96048534,Zachariah Farthin
Bode LLC,86988194,Tess Falco
Dickens-Marks,60898058,Lilah Whitworth
"Lueilwitz, Fadel and Howell",96871867,Jane Van den Broek
Haley-Conn,44771140,Glory Rougier
Huel and Sons,64402064,Camella Crispe
Smitham-Kautzer,50990340,Afton Ingledew
Howell-Boehm,03716201,Clyve Pickworth
Murray-Weimann,76130297,Smith Andrasch
Lemke-Schmitt,73926710,Edie Kevern
Gutmann and Sons,27043462,Gideon McCalum
O'Hara and Sons,71554141,Elfrida Hearsum
"Bailey, Walker and Roob",94346880,Clayborne Minigo
"Wolff, Parker and Lemke",51314250,Theresina Coules
"Gleason, Schiller and Green",73937024,Ben Paulley
"Zieme, Ankunding and Considine",96895009,Konstantin Mainland
Marvin-Schneider,84032695,Robb Pauncefort
"Kuphal, Sipes and O'Hara",20181618,Jim Zienkiewicz
Kassulke and Sons,74692913,Dalt Oxnam
Wiegand-Ankunding,70876834,Fielding Ritchard
Steuber-Berge,04961578,Lelia Habercham
Oberbrunner Inc,38634066,Elsa Jerred
Schinner Inc,12538120,Bertrando Smurfit
"Collier, Emard and Wisoky",96116933,Markus Allabarton
Cormier-Mueller,53158045,Elvin Hinsch
Heaney-Bahringer,09558840,Valry Zecchii
Mayer and Sons,37604287,Belita McAteer
"Veum, Goldner and Krajcik",74602908,Melany Dymidowski
Reilly and Sons,07723407,Hunfredo Schimmang
Borer and Sons,75809060,Mac Menary
"Medhurst, Stokes and Stehr",53439655,Aridatha Boman
Gerhold-O'Conner,04064618,Lombard Delbergue
Lesch LLC,09657745,Penni Perschke
Dietrich Group,97754479,Domenic Tezure
"Rutherford, Pfeffer and Ferry",68575736,Luciano Rodolphe
Gutkowski-Mertz,78749989,Nanice Orht
Cormier and Sons,42717295,Chancey Gretton
"Bernhard, Ferry and Lebsack",76710109,Fawn Worrell
Schimmel and Sons,90849618,Lennard Flips
Schmitt-Fahey,03890769,Perla Leader
Torp and Sons,88553230,Adan Davenhill
Runolfsdottir LLC,83621875,Northrop Rosenfrucht
"Schumm, Rogahn and Kuvalis",47072094,Byran MacTrustie
Trantow LLC,41016539,Ingra Krook
"Huels, Schuster and McDermott",41033561,Issiah Lewendon
Rippin and Sons,71083685,Evvy Bestiman
Wolff-Gulgowski,99885188,Barbette Kildale
Carter-Nolan,59675445,Doria Pareman
Oberbrunner Inc,09921030,Franciska Garthshore
Bayer-Rath,51966226,Neron Shaxby
Bechtelar Inc,87704217,Salomon McKernan
Smitham-Lang,60335211,Ginny Raddon
Bins Group,04932275,Darnall Link
Moore-Considine,80176507,Regina McCallister
West-Wolf,83844154,Dayle Purkess
Muller-Stokes,15279779,Vladamir Riglesford
Weissnat Group,21807637,Dianna Beverley
"Emard, Gutmann and DuBuque",76077537,Linnie Gut
Baumbach and Sons,71177491,Patric Buttle
Hartmann LLC,90082887,Clywd Keeton
Mann LLC,92110779,Britta Hammer
Will-Mertz,40334684,Theodora Tapper
Gutmann-O'Reilly,76988864,Andrei Landrieu
"Gaylord, Corkery and Lynch",95996088,Malina Jacombs
"Paucek, D'Amore and Bechtelar",82572581,Brandtr Illing
"Hegmann, Dietrich and Kozey",12422851,Rey Mouget
Hahn and Sons,69594677,Moss Grolle
Hettinger and Sons,26513219,Lancelot de Courcey
Marquardt-O'Conner,77568979,Nicky O'Gleasane
"McGlynn, Lemke and Osinski",80258554,Mabel Yorath
Haag and Sons,19015954,Brendon Gleeson
Heaney-Heaney,72492865,Davey Juden
Lueilwitz and Sons,39645020,Federico Lampe
"Kohler, Gottlieb and Wolf",18757597,Judith Foulkes
Prohaska-Rogahn,59518809,Wilek Denidge
Crooks-Spencer,50414141,Base Mertsching
"Stamm, Bins and Fisher",57536662,Julita Antonignetti
Parisian Inc,74744412,Andra Hugnet
Predovic-Ritchie,96626217,Charley Merriman
MacGyver-Renner,79834119,Ulises Powell
"Thiel, Bruen and Friesen",55696355,Rab Gepp
Kub-Wisozk,96662766,Melly Glanvill
Halvorson LLC,96390354,Kevon Seak
"Anderson, Swaniawski and Rempel",36654170,Elsi Grimbaldeston
Pollich-Kuhn,98425091,Mab Deek
"Quitzon, O'Conner and Weber",47175594,Audie Purshouse
"Cremin, Beier and Ziemann",35686834,Janos Dalgetty
Maggio-Reichert,77248735,Kris Causnett
Kling LLC,75089214,Rollie Pashby
Price-Deckow,47163013,Corine MacGaffey
"Koepp, Jones and Brekke",94669515,Gregoire Higgen
"Crist, Beatty and Hudson",60405230,Cordula Frediani
Terry-Gutkowski,88909306,Sib Morales
"Gorczany, Beer and Kuvalis",16063674,Lanny Billham
Dach LLC,52846869,Jayme Bereford
Pacocha LLC,29407058,Geneva Rymell
"Gutkowski, Strosin and Bashirian",49733975,Kissee Seebright
Orn-Aufderhar,24557638,Alexio Arnaudi
Bednar LLC,99634151,Janis Byrd
"Pouros, Reichert and Jakubowski",63735130,Tadeas Voice
"Nader, Dickens and Corwin",66156886,Vivi Chant
"Langworth, Sanford and Block",48847585,Dario Jenman
Kozey-Johns,88653106,Gannon Kincey
"Powlowski, Will and Lind",74307363,Chantal Johananov
Miller-Greenfelder,28814348,Margot Cowill
"Tillman, Corkery and Bahringer",94476001,Denni Safell
"Lehner, Streich and Lehner",06432019,Frank Rosi
"Pfannerstill, Bosco and Oberbrunner",50854464,Liesa Barwood
"Borer, Graham and Graham",96978959,Asa Fowls
Torp-Rolfson,73997655,Ingaberg Nozzolinii
Bayer-Harvey,89153357,Herby Eddisford
"Eichmann, Shields and McKenzie",00717128,Gennie Stringfellow
"Connelly, Purdy and Macejkovic",69064179,Murvyn Gilcriest
"Quitzon, Denesik and Keeling",53510736,Marcelline Castleton
Yundt-Graham,95800756,Nona Iacomettii
O'Keefe-Langosh,88771767,Flin Wickersham
Nienow LLC,43382099,Persis Lindman
Effertz Group,65597772,Orlan Golden of Ireland
"Waters, Armstrong and Balistreri",86790415,Frederica Chillingsworth
"Carter, Mueller and Bins",83410418,Osmond Jersch
"Lebsack, Bednar and Hodkiewicz",35057497,Aylmar Gilbard
"Terry, Block and Heller",46325798,Nealson Beeze
Lemke-Stroman,41291691,Shandie Cauthra
Gleason-Feil,90258879,Lev Walls
"Bruen, Sawayn and Goodwin",20571243,Ronald Vernon
Ritchie Group,44761822,Dick O' Mara
Hayes Group,91319772,Rinaldo Dust
"Jakubowski, Wintheiser and Graham",18057628,Eli Quogan
Stroman LLC,77547907,Ivory Duesbury
Kris Group,59861581,Maureen Bingell
"Hoppe, Johns and Rippin",48940181,Nyssa Korda
"Raynor, Aufderhar and Kuhlman",38285833,Gawen Wellwood
Rippin-Kilback,02905574,Larissa Foston
"Hane, Rowe and Kozey",71808185,Rosina Caselick
"Ryan, Bogan and Turcotte",21241551,Abdel Oldmeadow
"Wilkinson, Franecki and O'Conner",24852341,Annabal Cordaroy
Stark and Sons,84912947,Trent Fones
"Nolan, Herzog and Towne",01693459,Philly Tongue
"Eichmann, Collier and Hilll",52468616,Cointon MacGee
Fay Inc,42520621,Jefferson Bruna
Bauch-Senger,95390407,Karolina Jewel
"Green, DuBuque and Aufderhar",60756909,Elaine Bodicam
Rogahn and Sons,69604404,Townie Bryson
Green-Yundt,84111050,Claudian Hendrik
Blick LLC,78899000,Coletta Dagwell
"Stark, Schaden and Murphy",51645310,Laurette Purvey
"Fadel, Ritchie and Kreiger",36156289,Pamella Mallen
Mueller and Sons,94662119,Casey Osborn
"Bartoletti, Lockman and Pagac",53286264,Kristin St. Paul
"Kuvalis, Rice and Grant",99612686,Devan Bampton
Kuphal-Strosin,79993716,Pet Gaspard
"Jerde, Tillman and Kessler",91662226,Giffy Gabriel
Bailey-Klein,47479649,Bev Bernardos
Macejkovic-Quigley,82843291,Roslyn Leaver
Ortiz-Kutch,09070745,Reine Faraday
"Stiedemann, Ortiz and Armstrong",38183964,Leicester Du Barry
"Stehr, Morar and Kuhlman",38713892,Hernando Guillou
Hickle Group,09338427,Lyssa Stenners
Mitchell-Marquardt,07150156,Leela Ogus
"Heller, Buckridge and Marvin",86956140,Gorden Carnilian
Torp-Rosenbaum,93823042,Lin McRonald
Kuhic and Sons,24479745,Ardath Hallgalley
Pfannerstill-Lockman,63092809,Thatch Crumbleholme
"Luettgen, Schinner and Barton",60597890,Krissy Brayn
"Dooley, Johnston and Kris",84543477,Jarrod Dunsmore
"Huel, Greenfelder and Collins",95266365,Wynn Morrill
Effertz-O'Reilly,65935874,Rosanne Gullyes
"Jaskolski, Leffler and Turner",88751857,Arturo Fitzpayn
"Lehner, Windler and Gottlieb",95651294,Brandise Stephen
Ritchie-Gleason,48520833,Fanni Secrett
"Yundt, Waelchi and Schuppe",04233919,Miran Lavelle
Schaefer-Paucek,73082938,Emile Pecht
Dach LLC,84978420,Sylvan Grigoroni
"Koepp, Lindgren and Conn",04623456,Mariana Davie
Hyatt Group,10079631,Karlene Crow
"Rohan, Hessel and Rippin",16831912,Grissel Meynell
"Prohaska, Murazik and Langworth",81150334,Adah Chippindall
"Renner, Douglas and Lindgren",76523611,Olive Bellwood
Eichmann-Deckow,51130915,Dianne Eusden
"Wisoky, Gleichner and Gutmann",77881896,Terri-jo McGeorge
Stroman-Walker,98957554,Joletta Pavlenko
Pacocha and Sons,39939320,Belinda Careless
O'Kon-O'Connell,83633473,Madelaine Titmarsh
Kling-Marvin,76292904,Elfreda Warby
Daugherty-McGlynn,03007642,Libbi Haldenby
Von-MacGyver,36864379,Price Buckeridge
Schmeler-Will,22638302,Bondie Kildea
"Abbott, Green and Murphy",04213869,Graham Haughin
"Mayer, Ferry and Willms",83319736,Shanon Coche
O'Hara Group,34390199,Bertrand Weben
Daugherty-Cummerata,92607206,Forrester Geistmann
Monahan-Jenkins,22782058,Theodora Krauze
Bruen and Sons,37831604,Jim Sykes
Bergnaum Inc,25257700,Glynda Cadreman
Ankunding-Schmeler,93360559,Kriste Halfhead
Langworth Group,18587668,Gabriell Mauchline
Rippin and Sons,10513677,Clarine Duncombe
Daugherty-Murazik,05196482,Paxon Romaines
Macejkovic and Sons,96274151,Humberto Mugg
"Legros, Emmerich and Hudson",61804580,Odessa Presslie
Witting Inc,55258820,Agnese Farnorth
"Jenkins, Kunze and Jerde",86868311,Leslie Winfred
Nicolas Inc,31108615,Truda Bassingham
"Walsh, Powlowski and Schneider",89132498,Bernardine Tuffs
Ruecker and Sons,14341569,Lennard Gradwell
Wiegand-Klein,40533716,Jackie Greggor
"Aufderhar, Flatley and Kuvalis",05956151,Caitlin Johansson
"Dicki, Gusikowski and Vandervort",59235264,Chelsie McGann
Ruecker and Sons,45472256,Bird Brearty
Rosenbaum-Moore,45916938,Luciana Kalewe
"Kuhlman, Kuvalis and Aufderhar",18163717,Hewitt Fike
Simonis Inc,56948984,Malcolm Lanchberry
Roberts-Schaden,50210732,Zolly Trower
Schumm-Runte,14771502,Elbertine Trewin
"Jacobi, Abshire and Stroman",93520827,Denver Eastmond
Beahan Group,95541694,Joella Jakeman
"Schmeler, Wuckert and Ankunding",95865383,Austen Washbrook
Bergstrom Group,31635177,Lin Czaple
"Wyman, Miller and Kshlerin",14038779,Janeta Sealeaf
Rath Group,57661291,Ringo Sherrock
Deckow Group,00158570,Angelica Druhan
"Graham, Walsh and Bechtelar",20143914,Brannon Evemy
Daniel and Sons,43388933,Licha Coners
"Gottlieb, Olson and Paucek",45701172,Callida Circuit
"Bechtelar, Ferry and O'Conner",67579675,Lise Greenhow
Gaylord and Sons,19821366,Marcille Gommowe
Stokes LLC,85618894,Jilly Dennick
Boyer LLC,81059831,Ashly O'Hdirscoll
"Roob, Mosciski and West",05276836,Cristal Soppeth
Cassin LLC,80107047,Julia Antecki
Wiza LLC,23021589,Paolina Swalough
Marquardt and Sons,82347390,Alasdair Heindrick
Brekke-Wolff,80364924,Marin Klosges
"Sipes, Rogahn and Bednar",11963741,Reilly Loughney
Graham-Howe,99064222,Eve Mullen
"Balistreri, Orn and Mante",47626648,Mechelle Forge
"Boyer, Will and Harris",34697935,Cathryn Massel
Luettgen-Barton,09756634,Morgana Lackney
Huels-Mohr,14554093,Wes Allsupp
Bruen-Jast,03443781,Vonny Gwilym
"Lemke, Moore and Haley",62907952,Carly Petherick
"Bayer, Bins and Nitzsche",91465432,Shel Burk
Thompson LLC,99177907,Gunner Thorby
"Zemlak, Gusikowski and Casper",35625817,Shell Jochen
"Green, Jacobs and King",05291688,Goldie Gabbetis
Pfannerstill Inc,14745420,Devon Cordner
Kub-Hansen,44486592,Damara Gallymore
Hane and Sons,49598715,Merle Plowright
Powlowski-Hills,29765591,Tallie Seamarke
"O'Reilly, Weber and Gottlieb",91161409,Orson Tixall
"Volkman, Moore and Emmerich",63789403,Ivar Turfus
"Spinka, O'Conner and Pfeffer",11615554,Carry Bellam
Paucek-O'Connell,66342199,Roma Bufton
Gibson-Jones,35819594,Karry Bierman
"O'Hara, Wiza and Bruen",44413642,Dody Dennerly
"Windler, Roberts and Ryan",21851211,Sib Luna
Abernathy Inc,08114555,Britte Soughton
DuBuque LLC,10213631,Bernete Corney
Ratke-Gibson,38628085,Whit Carnew
Steuber-Hansen,89211381,Brocky Janca
Prohaska-West,29006846,Allina Coyett
Douglas LLC,12303608,Odetta Riolfi
"Reynolds, Nolan and Davis",74905697,Rodi Dalligan
Hintz-Feeney,57952624,Dulcia Zealander
"Nolan, Gulgowski and Luettgen",02946473,Veradis Savery
Christiansen-Marquardt,91956357,Hubert Gribble
"Grant, Price and Jacobson",43993193,Darrel Janaud
"Schuster, Cummings and Steuber",26916429,Egbert Roke
Wolff-Adams,63929314,Doyle Megainey
"Rath, Littel and McDermott",06660186,Enos Anney
Johnston-Schroeder,91240087,Ronald Matysiak
Wuckert Group,46014609,Demetris Wildman
Larkin Group,47266039,Shela Cadore
Senger Group,71355071,Minor Kornilov
Miller and Sons,29675694,Alasdair Sills
Kub and Sons,24841672,Robinetta Rotherforth
Bogan-Bruen,44398408,Kerrie Chadwin
"Goyette, Rogahn and Larkin",10037142,Dorine Shalders
Wiegand LLC,09671459,Bekki Rapier
"Zemlak, Reinger and Becker",23185451,Hewet Curnock
"Bins, Schoen and Bruen",82619517,Eimile Bernardot
"Effertz, Ortiz and Willms",34468042,Eugenio Lapere
"Hessel, Weber and Crona",26849356,Nataniel Housby
Rodriguez and Sons,07975547,Binky Enderle
"Paucek, Turner and Dooley",63477310,Bax Barsby
Hilll-Skiles,95541183,Stephen Mullany
Shanahan LLC,27324769,Emmie Hanselmann
Little-Johnston,09889275,Lucine Dust
Becker and Sons,31094579,Willamina Perrat
Koepp-Ratke,80648691,Othello Poytheras
Keeling-Lindgren,73351465,Andrea Tulleth
Upton Inc,12559188,Elia Shermore
Doyle-Senger,32538917,Deane Scrannage
Dibbert-Stark,52364031,Calypso Caulfield
Wehner-Schowalter,19548890,Enrika Izkoveski
Dare-Bednar,88762122,Christyna Brockington
Thompson LLC,56382686,Franny Andrewartha
Marvin LLC,00639223,Ingemar Lomis
Schoen-Lang,39453691,Neala Kaaskooper
Crooks and Sons,54527995,Guthry Heliar
"Schuppe, Murazik and Hilpert",17000786,Yehudit Blower
"Konopelski, Bailey and Okuneva",78895844,Fulvia Soar
"Will, Willms and Zemlak",89006426,Ethelyn Plumm
McDermott and Sons,99011812,Nobie Lammin
Lemke Group,82335488,Candice Rome
D'Amore-Boyle,41046503,Tressa Huleatt
Koch Group,15185785,Waverley McCreedy
"Brekke, Zieme and Roob",69878928,Eartha Stubbert
Dooley Group,04453740,Joey Whaley
"Towne, Gleichner and Koss",15225479,Cherice Shwenn
"Flatley, Ruecker and Stracke",93983573,Mufi Borsnall
"Stracke, Rosenbaum and Hayes",29214187,Cathleen Tallquist
"Hauck, Hoeger and Nikolaus",11197537,Virgina Mallinder
Cronin-Gorczany,57060762,Jude Boscott
Oberbrunner-Walker,34707172,Enrika Capelow
Lubowitz Group,31182803,Vivi Pidgley
Feil LLC,25255670,Nels Cescoti
Donnelly-Homenick,38346174,Darbie Reddihough
"Baumbach, Mills and Turner",76245880,Marie Stair
Bayer-Russel,99907549,Eli De Fraine
"Schmidt, Vandervort and Stokes",04919935,Kathryne Kimmons
Spinka and Sons,58999601,Chadwick Degnen
Stokes and Sons,68692386,Dwain Mereweather
Schaden-Monahan,75948732,Laurianne Hatherall
Ernser-White,43937718,Jacki Sargint
"Macejkovic, Wiegand and Williamson",04498760,Renata Andraud
Becker-Bechtelar,62295026,Lily Marages
Bartoletti-Witting,67858461,Harlie Pau
"Greenfelder, Kihn and Harris",77241204,Kissee Disney
"Nitzsche, Senger and Botsford",85080508,Lilia Beamish
Kirlin Group,96633788,Daron McCromley
Bernhard-Pfannerstill,72340793,Margaretta Mundie
"Buckridge, Pfannerstill and Botsford",91683870,Morton Aslett
Hirthe-Bashirian,90139780,Dana Smeed
"Bruen, Borer and Wolff",37387507,Dasi Spurling
"Jacobi, Wunsch and Cronin",58802474,Symon Rottery
"Schimmel, Hintz and Paucek",09302542,Bradley O'Quin
Runolfsdottir Inc,51350660,Hewett Verrill
Raynor-Willms,88183980,Rozalin Widger
Lueilwitz-Reinger,16944397,Laurie Maccrie
"Veum, Weissnat and Stracke",64170334,Marie Rennicks
"Stamm, Boyle and Harber",30344077,Ula Pahl
"Funk, Friesen and Bergnaum",51629633,Purcell Tate
Orn and Sons,48673851,Imogene Bowhay
Cummings Group,66328421,Ayn Chezelle
"Kassulke, Hegmann and Steuber",53927148,Diane Lines
Schultz-Lindgren,64798744,Nevin Arnholtz
D'Amore-Collins,52576651,Cher Allwell
Abbott and Sons,74433663,Penelopa Baumadier
"Kuvalis, Cole and Bartoletti",06214165,Evanne Bento
Larson and Sons,86980204,Melantha Tooher
Kassulke-Bernhard,63167803,Russ Vedyasov
Hodkiewicz Inc,27033149,Serena Shorbrook
Williamson LLC,45305933,Giordano Dillistone
Lynch-Kiehn,20632101,Ginny Shakelady
Schaden LLC,94659899,Alvis Ditty
Leuschke and Sons,11616575,Jacqueline Ferreras
"Rohan, Aufderhar and Bogan",01318706,Sileas Uridge
Adams Group,28020415,Cleavland Shapero
Larson-Mueller,21568881,Carrol Itscowics
Smitham-Stroman,77436367,Bernadene Newson
"Weimann, Goyette and Weber",26685460,Marmaduke Tothacot
Schumm-Welch,97498122,Bab Kearn
"Pollich, Durgan and Funk",07040332,Hervey Hallbord
Wilderman-McKenzie,08226741,Giuseppe Loram
Littel Group,50167627,Cody Binne
"Robel, Yundt and Roberts",30251778,Roberta Albrook
Schimmel Group,80098383,Annice Heather
Walter-Johnson,97970268,Pancho Camsey
"Fisher, Larkin and Windler",13822744,Ephrayim Blaydon
White and Sons,95556084,Tessi Kinder
Osinski-Marquardt,46091253,Beret Satterfitt
"Dibbert, Kling and Schimmel",01423975,Sib Vedeniktov
"Schimmel, Mosciski and Thiel",08668464,Georas Deniske
Purdy Group,10143328,Shea Bellingham
Quigley-Ritchie,47862000,Vaughan Lefwich
Mueller-Kuhic,74061643,Helenelizabeth Adicot
Wisozk Inc,82308698,Elset Reddy
Huels-McDermott,85694293,Cindelyn Farlambe
Harber Inc,30583220,Rob Colquhoun
"Ratke, Hodkiewicz and Murray",52476691,Veradis Tyler
"Rau, Lebsack and Rolfson",83326379,Georgena Paradine
Kassulke-West,57735092,Minerva Ivushkin
"Considine, Dickinson and Kuhlman",17645797,Kary Eronie
Corwin-Robel,16190416,Catharina Garrad
Ankunding Group,84037220,Iormina Haste
"Ankunding, Crist and Mann",16467551,Franklin Poutress
Stark-McLaughlin,76867082,Seka Borsi
"Schowalter, Dare and Moen",01261250,Catherin Castilla
Gleason-Nitzsche,27676392,Rhodia Langeley
Satterfield LLC,13689081,Moise Shenfisch
"Bailey, Beer and Conn",12061560,James Swaysland
Hane Group,81114018,Elia Broschek
Kreiger-Rowe,80007563,Libbie Gerault
Bradtke Inc,00011609,Kathi Cullington
Eichmann-Welch,31838625,Tobin Labeuil
Hodkiewicz Group,12553463,Jerrome Scolding
"Jacobi, Nikolaus and Ankunding",32986019,Annette Huckel
Breitenberg Group,56778981,Vanny Merricks
Adams-Gottlieb,01386278,Rhys Knapman
Muller-Johnson,64179020,Maximilian Fulloway
Schimmel LLC,77855944,Kameko Crompton
Dietrich-Wunsch,82293546,Lucinda Vardey
"Bailey, Kuphal and Lockman",47079100,Lilyan Porritt
"Mills, Stehr and Marquardt",52709764,Antons Barbara
Crist Group,60913437,Ruthie Wagge
"Renner, Ondricka and Williamson",48662118,Giorgi Mallinson
Kautzer-Wilderman,68677250,Arlan Dehn
"Price, Yundt and Jacobs",32186863,Kinna Leuchars
Wolf-White,91745638,Sula Crimes
Bernhard Inc,28951023,Peggy Viger
O'Connell-Lang,33315188,Phillis Townend
Ondricka-Gleichner,94520266,Elenore Joao
O'Hara-Kirlin,85531779,Aron Colafate
Kshlerin and Sons,64568730,Neville Fielders
McGlynn Inc,62275821,Karry Labell
West Group,48024784,Jozef Dorgan
Fritsch-Runolfsson,31290310,Brittaney Le Noury
"Tromp, Jenkins and Barrows",40593662,Dianna Cumine
Rath Inc,25242668,Vivia Lowth
"Gleason, Ritchie and Hammes",92053619,Freida Duckit
Doyle Group,18206478,Elke Quidenham
Witting-Champlin,86470353,Dewey Dykins
Olson-Boyer,30531965,Perle Renac
Dooley LLC,98187574,Vinny Kennady
Kuhn Inc,20762072,Clyve Slimm
Moore Group,30214410,Almeda O'Collopy
"Balistreri, Bradtke and Zboncak",66578279,Aldric La Croce
"Kuvalis, Doyle and Greenfelder",98381171,Frannie Gimenez
"Adams, Morissette and Reichert",50652147,Lonnie Handrek
"Ondricka, Weissnat and Will",01794565,Nicole Lowings
White-McCullough,49255803,Kalli Evill
Rowe Group,01780679,Christalle Shillam
Russel-Hintz,51923381,Aeriela Jelphs
Christiansen-Towne,15392357,Sherline Bowery
Osinski-Hintz,20409955,Leeanne Boutellier
Hintz-Heidenreich,12789442,Annabella Seville
"Boehm, Bergstrom and Douglas",02343520,Renard Husselbee
"Ward, Kub and Kessler",66225812,Leon Burgoin
Carroll Inc,12261499,Holmes Kiera
Haley Inc,43414415,Forbes Ransfield
Dietrich-Reinger,39783481,Pieter McLemon
Kshlerin Group,10248230,Nydia Dillimore
Kessler-Jaskolski,33216062,Granger Quantrell
Klocko-Armstrong,30230710,Tobey Leeson
"Langosh, Halvorson and Balistreri",02716109,Gualterio Stivani
"Gerlach, Roberts and Ryan",89817302,Jobina Aulton
"Bergstrom, Kuphal and Satterfield",96260405,Devlin Domeney
Kerluke-Dickens,12322251,Lana Tight
Will-Schinner,11346803,Creight Grimsey
Schumm and Sons,85094769,Lizette Weldon
Maggio-Marks,60683280,Roxanna Faussett
Beatty-Zboncak,60641834,Miller Chaston
Kassulke-Rohan,88688502,Skipper Postance
"Beahan, Witting and Kuhn",14563017,Rakel Brahan
Mitchell LLC,51393956,Codi Drummond
Jast Inc,32051558,Demetra Ledrun
Purdy-Schaden,65992749,Reade Auld
Paucek-Vandervort,58040017,Stesha Barthel
"Streich, Lehner and O'Hara",22036274,Tucky Macci
Rath-Franecki,07636146,Christabella Copcote
"Witting, Stark and Kovacek",18069444,Devy Veevers
Watsica-Flatley,38938856,Robena Chiswell
"Runolfsdottir, Connelly and O'Hara",69797069,Consuela Marquot
Russel Group,60766162,Twyla Rubinsky
"Schulist, O'Connell and Thiel",40491005,Milzie Sackes
Schmeler Group,62655805,Orton Giacobillo
Effertz and Sons,91700250,Ambur Goulding
Cartwright-Little,22557323,Pauly Lightwood
Sanford Group,05079658,Vania Rook
"Stokes, Sanford and Borer",30774548,Arlina Delwater
"Predovic, Bode and Murazik",96424469,Roslyn St Louis
"Breitenberg, Windler and Berge",05637116,Gilles Dudbridge
"Bogan, Koepp and Bauch",30560928,Tristam Jollands
"Hoeger, Jacobs and Hirthe",09862408,Hayden Carnall
Ward Inc,40776790,Van Breslane
Beier-Blick,65452465,Freddie Dowdell
"Fritsch, Gleason and McClure",78662044,Sherlock Josskowitz
"Kilback, Hodkiewicz and Williamson",79811866,Shelbi Gemlett
Johnston-Schuppe,25384649,Miriam Quinet
"Cartwright, O'Kon and Towne",13337796,Dolores Delamaine
"Thiel, Hartmann and Prohaska",33666459,Kimbra Bernard
Roberts LLC,18675683,Leeanne Crommett
"Jakubowski, Mosciski and Volkman",02816021,Elinor Cossons
Parisian Group,38972911,Elias Hosten
"Kihn, Kautzer and Lueilwitz",74597810,Derrick Trustie
"Welch, Bayer and Douglas",22013639,Ilse Rodolphe
"O'Connell, Wuckert and Gerhold",57854423,Cedric Northway
Schultz Inc,86908965,Verena Duncklee
Sipes-Cronin,38579656,Meredithe Iczokvitz
"Heller, Heathcote and Kuhlman",51406956,Delilah Chatto
"Carter, Hoeger and Schumm",96344585,Jeanie Bloschke
Flatley LLC,47748554,Nefen Slay
Mitchell and Sons,62930233,Culley Bow
Welch LLC,20843744,Erie Knight
"Hudson, Dickinson and Jones",76688081,Enid Chapelle
"Hills, Walter and Kunde",45407390,Wendye Saket
"Wilkinson, Mitchell and Runte",50346166,Tootsie Longson
Jenkins Inc,83090143,Jo Janman
"Upton, Wolf and Ruecker",12508718,Thacher Joiner
Friesen-Kreiger,11045377,Marget Chandler
Lynch Group,76772773,Harmony Bovey
Torp-Padberg,32128770,Arabel Innman
"Daniel, Flatley and Nicolas",57862114,Noemi Rabbitt
Swaniawski-Hahn,74456806,Sharla Kilvington
Cormier-Mann,83917881,Lucias Hedge
"Hilll, Schmitt and Stark",15796886,Beulah Barnicott
"Cormier, Walker and Jenkins",41241512,Jon Maudson
"Runolfsson, Bosco and Jacobs",82196934,Madonna Priddle
Cartwright and Sons,66645072,Ara Uden
Kovacek-Homenick,38712690,Hetty Izsak
Marvin-Davis,70411745,Nick Craiker
Upton-Glover,58454426,Samara Yarnell
"Torp, Oberbrunner and Stroman",18454362,Ode Eustace
"Gislason, Schaden and Hegmann",67361389,Rancell Cuffin
Hayes LLC,70987287,Armand Canero
"Pfannerstill, Murazik and Connelly",60226256,Antoni Softley
Fay Inc,11178077,Madelena Derdes
Pouros-Beahan,11351284,Appolonia Ferrandez
"Lakin, Kulas and Gerhold",89407087,Pieter Dollard
"McLaughlin, Dooley and Parker",50244086,Durward Nutkin
"DuBuque, Volkman and Homenick",45375881,Ashien Herrema
"Friesen, Goldner and Windler",09481235,Patin Killingsworth
Hartmann-Homenick,00031898,Sonnie Cheshir
"Krajcik, Berge and Cole",85080631,Gena Quare
Bergnaum Inc,55565686,Jeddy Ivanchin
Hahn-Dickens,05255975,Gwendolin Rack
Hagenes-Tromp,50419922,Anna-maria Grodden
Volkman Group,89195336,Sylvan Huke
"Tromp, Hoeger and Jerde",28837323,Kassey Moulsdale
Kling and Sons,57604407,Celia Wickardt
"Yundt, Kunde and Torphy",03802795,Winifred Deners
Doyle Group,57248548,Celeste Bellam
Bradtke-Gleichner,32452147,Brnaba Cattrall
"Moore, Zulauf and Klocko",56124710,Langsdon Padgett
"Schowalter, Cremin and Schultz",99480963,Dalila Volant
McDermott-Heaney,24687493,Pattin Eefting
Simonis-Mayer,79730770,Hildegarde Germain
Tremblay and Sons,06588227,Dorey Haysham
Marquardt Inc,99077647,Magdalen Heyburn
"Hickle, Zulauf and Wisozk",62137147,Matthiew Rikel
Bins-Medhurst,10389305,Shadow McTavy
Schneider-Greenfelder,65109478,Catharine Gout
Hauck LLC,37591245,Kandace Kilmartin
Rodriguez LLC,17811228,Dayle Gormley
Bahringer-Yundt,44335678,Holden Bruno
Kilback-Murphy,24319473,Gardener Kopelman
"Champlin, Armstrong and Kutch",97318637,Nana Lansdowne
Zieme and Sons,45482159,Modesty Brixey
Bauch-Greenfelder,67168915,Coreen Redd
Emmerich Group,36339245,Finn Pead
"Orn, Fritsch and Fadel",51753433,Paolo Vango
Corwin Inc,31712826,Taffy MacBain
Deckow LLC,38104705,Noemi Wellbank
"Hettinger, Romaguera and Brekke",79542462,Rodie Santarelli
"D'Amore, Hessel and Skiles",54614888,Giralda Rowlatt
Skiles-Wintheiser,28571846,Jeri Finnemore
"O'Reilly, Cruickshank and Kulas",90832489,Jake Guidera
"Mayer, Medhurst and Cummerata",99083702,Neel VanBrugh
Pfannerstill-Rogahn,94654827,Trisha Carling
Ryan and Sons,17966101,Gretta Soppit
Effertz-Sawayn,42799945,Ingra Blasio
"O'Connell, Steuber and Balistreri",14097534,Gaelan Fidgeon
Farrell LLC,86305743,Vernen Dennington
"Weissnat, Lind and McClure",88884302,Vonni Isham
Williamson-Schneider,53642148,Hedwig Ramshay
"Huel, Kuhic and Howell",22942863,Grace Everwin
Simonis-Ernser,89572658,Meagan Walton
"Schimmel, Rath and Kohler",13532416,Nathanael Wipfler
"Ratke, Goldner and Treutel",17759226,Percy Calafato
Corkery-Connelly,28116479,Urban Siverns
"Jenkins, Steuber and Harvey",94438099,Sutherland Barnwill
"Powlowski, Collins and Nader",13215618,Timmy Darkins
Gleason and Sons,79443344,Hubey Adame
"Conn, Bogisich and Shields",35438418,Wynny Birkin
"Satterfield, Bergstrom and Hammes",43483237,Alvie Mighele
"Davis, Labadie and Hane",96018207,Vevay Landsborough
Hackett Inc,01934429,Brockie Fotheringham
Wintheiser-Koepp,10611490,Abagael Showl
Mills-Swaniawski,42716473,Lorene Earngy
Harris Inc,71197227,Linea Vanichkov
"Haag, Vandervort and Mitchell",65129389,Phillip Geeraert
Kilback Inc,93326457,Lusa Geertje
Witting Inc,98263159,Gerhardt Stourton
"Fay, Rath and Bernier",12594061,Estrellita McGillicuddy
Feeney and Sons,98071430,Ced McGlade
Stracke-Koelpin,11654820,Chelsea Juckes
"Gutkowski, Schmeler and Schimmel",05351559,Elbertine Cockson
Thiel-Beatty,92117350,Gwenni Elphick
Wintheiser Inc,77598246,Bartholomew Kimbell
"Moore, Murazik and Feest",68458412,Blaire Frounks
Thompson-Labadie,89349803,Rozina Knottley
"Gaylord, Walsh and Boyle",46823465,Rafaelia Spier
Braun LLC,58352529,Claudio Lait
Moen-Glover,05854859,Enos Theuff
Wiza and Sons,03652996,Jedidiah Buchan
Mertz and Sons,76783659,Aeriela Portigall
Eichmann-Gaylord,69183321,Christoper Sirette
"Kemmer, Jerde and Auer",87008141,Saunderson Bearcroft
Prohaska-Ondricka,64860758,Jerald Ludwikiewicz
"Hansen, Von and Gulgowski",86743525,Dona Mateiko
Weissnat Group,88491129,Georgeanna Polland
Bauch Inc,72916844,Ignazio Ingram
Von Group,08990399,Nonnah Happel
"Heathcote, Volkman and Dooley",97498887,Corrinne Kubicki
"Lowe, Williamson and Greenfelder",90480409,Sheba Belchem
Bahringer Inc,18112230,Masha Caudell
Schroeder-Herman,50433508,Cordy Collete
Prosacco and Sons,48854320,Yetta Arber
"Kirlin, Mante and Collins",44421487,Ozzie Lassell
Brekke Group,38670582,Ferrel Aisthorpe
Lynch-Wilkinson,98790957,Augie Abbado
Graham Inc,84226223,Dido Revan
Johnston-Anderson,43686515,Laurene Rosberg
Dickinson LLC,47040902,Gallagher Garrit
Turcotte-Schaden,43252689,Rickard Doolan
"Erdman, Jacobi and Kulas",01174899,Mella Mc Pake
"Schulist, Robel and Moen",65678178,Steffen Witt
"Grady, Batz and Willms",24482034,Selinda McKelloch
Cruickshank-Hettinger,76971959,Roselle Gerrens
Nitzsche-Abbott,30495056,Midge O'Hanlon
"Kohler, Berge and Kling",14849259,Emalia Portch
Jerde-Price,08129590,Verina Colquitt
"Pfannerstill, Wiegand and Watsica",44596395,Waylon Feare
Shanahan Inc,11809687,Aleta Izakof
Herman Inc,94638431,Adorne Muffen
Bashirian Group,85647183,Bette Bram
"Carter, Hahn and Bauch",44665796,Theodore Adamiak
"Hintz, Altenwerth and Tremblay",33559813,Cissiee Gartin
Predovic-Mraz,66589850,Nevin Hailwood
"Gorczany, Shanahan and Volkman",34038811,Ive Overal
